Query_ID	Target_ID	Optimal_offset	p-value	E-value	q-value	Overlap	Query_consensus	Target_consensus	Orientation	TF name in JASPAR
GMTACA	MA1479.1	4	6.58611e-05	0.0491324	0.0587398	6	GCTACA	AATTGATACATT	+	DMRTC2
GMTACA	MA0610.1	3	7.87396e-05	0.0587398	0.0587398	6	GCTACA	ATTGATACATT	-	DMRT3
GMTACA	MA1478.1	4	0.000949574	0.708382	0.472255	6	GCTACA	AATTGTTACATT	+	DMRTA2
RCTGAAA	MA1155.1	7	0.000245696	0.183289	0.366445	7	ACTGAAA	TGCACACACTGAAAA	+	ZSCAN4
RCTGAAA	MA0869.1	3	0.000641795	0.478779	0.478605	7	ACTGAAA	AACACTGAAATTGTT	-	Sox11
ATTGTM	MA0078.1	3	7.59127e-05	0.0566308	0.112686	6	ATTGTC	TTCATTGTC	+	Sox17
ATTGTM	MA0143.4	4	0.000241994	0.180527	0.11974	6	ATTGTC	TTCCATTGTTT	-	SOX2
ATTGTM	MA1120.1	4	0.000241994	0.180527	0.11974	6	ATTGTC	TGCCATTGTTT	-	SOX13
ATTGTM	MA0087.1	0	0.000634709	0.473493	0.209708	6	ATTGTC	ATTGTTA	+	Sox5
ATTGTM	MA0515.1	2	0.000875667	0.653248	0.209708	6	ATTGTC	CCATTGTTTT	+	Sox6
ATTGTM	MA0870.1	9	0.000907983	0.677355	0.209708	6	ATTGTC	AACAATGTTATTGTT	-	Sox1
ATTGTM	MA0868.2	2	0.00109595	0.817581	0.209708	6	ATTGTC	CCATTGTTCT	-	SOX8
ATTGTM	MA1562.1	1	0.00126921	0.946833	0.209708	6	ATTGTC	CATTGTTCGG	-	SOX14
ATTGTM	MA1152.1	2	0.00146819	1.09527	0.217942	6	ATTGTC	CTATTGTTTT	+	SOX15
ATTGTM	MA0869.1	9	0.00173016	1.2907	0.233481	6	ATTGTC	AACACTGAAATTGTT	-	Sox11
ATTGTM	MA0084.1	0	0.00236227	1.76226	0.290671	6	ATTGTC	ATTGTTTAC	-	SRY
ATTGTM	MA0077.1	2	0.00254559	1.89901	0.290671	6	ATTGTC	CCATTGTTC	+	SOX9
ATTGTM	MA0866.1	9	0.00289643	2.16074	0.307109	6	ATTGTC	AACACTACCATTGTT	-	SOX21
ATTGTM	MA0611.1	3	0.00399395	2.97949	0.395247	5	ATTGTC	TTGATTGG	-	Dux
ATYCCC	MA0056.2	3	0.00048845	0.364383	0.416014	6	ATTCCC	CAAATCCCCACTT	+	MZF1
ATYCCC	MA1117.1	2	0.00059067	0.44064	0.416014	6	ATTCCC	GAATTCCCCGG	+	RELB
ATYCCC	MA0107.1	4	0.000837357	0.624668	0.416014	6	ATTCCC	GGAAATTCCC	-	RELA
ATYCCC	MA0105.4	5	0.00155743	1.16185	0.449619	6	ATTCCC	AGGGGATTCCCCT	-	NFKB1
ATYCCC	MA0808.1	2	0.00174129	1.299	0.449619	6	ATTCCC	ACATTCCA	+	TEAD3
ATYCCC	MA0778.1	6	0.00211166	1.5753	0.449619	6	ATTCCC	AGGGGAATCCCCT	-	NFKB2
CCRTCCC	MA0752.1	1	0.000113122	0.0843891	0.168778	7	CCATCCC	TCCATCCCATAATACTC	+	ZNF410
CCRTCCC	MA1522.1	3	0.000514905	0.384119	0.384119	7	CCATCCC	CGCCCCTCCCC	+	MAZ
CCRTCCC	MA1653.1	3	0.000883184	0.658855	0.439237	7	CCATCCC	CCCCCCTCCCCC	+	ZNF148
CCRTCCC	MA1600.1	7	0.00129858	0.968742	0.484371	7	CCATCCC	ATACAGTCCACCCCTTTA	+	ZNF684
AGAGAAR	MA0508.3	1	0.000269462	0.201019	0.402038	7	AGAGAAA	AAGAGAAAGAA	-	PRDM1
GAWAYC	MA1419.1	2	0.0004421	0.329807	0.352888	6	GAAACC	CCGAAACCGAAACTA	+	IRF4
GAWAYC	MA0652.1	2	0.00070956	0.529332	0.352888	6	GAAACC	TCGAAACCGAAACT	+	IRF8
GAWAYC	MA1420.1	2	0.00070956	0.529332	0.352888	6	GAAACC	CCGAAACCGAAACT	+	IRF5
GAWAYC	MA0653.1	3	0.00107087	0.798866	0.399433	6	GAAACC	AACGAAACCGAAACT	+	IRF9
ATATR	MA0826.1	3	0.00162614	1.2131	0.434164	5	ATATA	AACATATGTT	+	OLIG1
ATATR	MA0817.1	4	0.00214135	1.59744	0.434164	5	ATATA	AAACATATGTTT	+	BHLHE23
ATATR	MA0623.2	3	0.002389	1.78219	0.434164	5	ATATA	GACATATGTC	+	NEUROG1
ATATR	MA0669.1	3	0.002389	1.78219	0.434164	5	ATATA	AACATATGTC	+	NEUROG2
ATATR	MA0678.1	3	0.0029733	2.21808	0.434164	5	ATATA	ACCATATGGT	+	OLIG2
ATATR	MA0818.1	3	0.0036129	2.69523	0.434164	5	ATATA	ACCATATGTT	+	BHLHE22
ATATR	MA0083.3	5	0.0045687	3.40825	0.434164	5	ATATA	TGACCATATATGGTCA	+	SRF
ATATR	MA0827.1	3	0.00468285	3.49341	0.434164	5	ATATA	ACCATATGTT	+	OLIG3
ATATR	MA0461.2	3	0.00547898	4.08732	0.451534	5	ATATA	AACATATGTT	+	Atoh1
